Question,Answer,Chapter
Who returned from slaughtering the Amalekites and stayed two days in Ziklag?," David, 2 Samuel 1:1",1
On which day did the man arrive from Saul’s camp to meet David?," The third day, 2 Samuel 1:2",1
What was the condition of the man who brought news from Saul’s camp?," His clothes were rent and earth on his head, 2 Samuel 1:2",1
What did the man do when he reached David?," Fell to the earth and did obeisance, 2 Samuel 1:2",1
What did David first ask the man from the battle?," “From whence cometh thou?”, 2 Samuel 1:3",1
"In 2 Samuel 1 David asked the man where did he came from, what was the man's response?"," From the camp of Israel, 2 Samuel 1:3",1
"In 2 Samuel 1, what did the man say happened to the people in the battle?"," Many of the people are fallen and dead, 2 Samuel 1:4",1
In 2 Samuel 1 Which two people did the man say were also dead?," Saul and Jonathan, 2 Samuel 1:4",1
What question did David ask the young man to confirm that Johnathan and Saul were dead?," “How knowest thou that Saul and Jonathan be dead?”, 2 Samuel 1:5",1
How was Saul and Johnathan related?," Johnathan was Saul's son, 2 Samuel 1:5",1
Where did the young man say he found Saul?," Leaning on his spear, 2 Samuel 1:6",1
In what place did the man say he met Saul?," mount Gilboa, 2 Samuel 1:6",1
Who did the man say was following hard after Saul?," Chariots and horsemen, 2 Samuel 1:6",1
Whom did Saul call to when he saw the young man?," The young man, 2 Samuel 1:7",1
What response did the young man say he gave to Saul?," “Here am I”, 2 Samuel 1:7",1
What did Saul first ask the man when he saw him in mount Gilboa?," Who art thou?, 2 Samuel 1:8",1
"What did the young man say when Saul asked him ""Who art thou?"""," I man an Amalekite, 2 Samuel 1:8",1
What did Saul ask the young man to do to him?," Saul said to the man ""Stand, I pray thee, upon me and slay me"", 2 Samuel 1:9",1
What reason did Saul give the young man to slay him?," Saul said, ""for anguish is come upon me, because my life is yet whole in me"", 2 Samuel 1:9",1
Why did the young man say he slayed Saul?," He was sure that Saul could not live after he was fallen, 2 Samuel 1:10",1
What items did the man bring to David as proof?," The crown that was on Saul's head and bracelet that was on his arm, 2 Samuel 1:10",1
What did David do when he heard the news of Saul death?," David took hold on his clothes, and rent them, 2 Samuel 1:11",1
What did the men that were with David do when they heard the news of Saul's death?," They likewise did what David did, 2 Samuel 1:11",1
"How long did David and his men mourn, weep and fasted?"," Until evening, 2 Samuel 1:12",1
"For whom did David and his men mourn,weep and fast?"," Saul, Jonathan, the people of the Lord, and the house of Israel, 2 Samuel 1:12",1
What did David ask the young man who claimed to kill Saul?," “Whence art thou?”, 2 Samuel 1:13",1
"When David ask the young man ""Whence are thou?"" what was his answer?"," ""I am the son of a stranger, an Amalekite"", 2 Samuel 1:13",1
What did David say to the young man about him slaying Saul?," “How wast thou not afraid to stretch forth thine hand to destroy the Lord's anointed?”, 2 Samuel 1:14",1
Who did David command to smote the young man who slew Saul?," One of his young men, 2 Samuel 1:15",1
"Be specific, What did David say to one of his young man to do to the Amalakite who slew Saul?"," ""Go near, and fall upon him"", 2 Samuel 1:15",1
What happened to the Amalekite who slew Saul?," David's young man smote him that he died, 2 Samuel 1:15",1
Whose head did David say the Amalakites blood was upon?," His own head (The Amalakites head), 2 Samuel 1:16",1
"In 2 Samuel 1, What reason did David say thy blood is upon thy head"," for thy mouth hath testified against thee, saying, I have slain the Lord's anointed, 2 Samuel 1:16",1
Why was the Amalakite responsible for his own death?," He testified he have slain the Lord’s anointed, 2 Samuel 1:16",1
Who did David lamente over with his lamentation?," David lamented over Saul and Johnathan Saul's son, 2 Samuel 1:17",1
Over whom was the lamentation written?," Saul and Jonathan, 2 Samuel 1:17",1
What did David command be done with the lamentation?," To teach the children of Judah the use of the bow as written in the book of Jasher, 2 Samuel 1:18",1
In what book is the lamentation written?," The book of Jasher, 2 Samuel 1:18",1
Where did David say not to tell the news of Saul's death?," Gath, 2 Samuel 1:20",1
Where else did he say not to publish it (Saul's death)?," Streets of Askelon, 2 Samuel 1:20",1
Why did David say the news was not to be told in Gath or Askelon?," Lest their daughters of the Philistines rejoice, lest the daughter of the uncircumcised triumph, 2 Samuel 1:20",1
What mountains did David curse?," Mountains of Gilboa, 2 Samuel 1:21",1
What did David lament should not fall on Gilboa?," Dew or rain, 2 Samuel 1:21",1
What did David say had been cast away on Gilboa?," the shield of the mighty is vilely cast away, the shield of Saul, 2 Samuel 1:21",1
In Samuel 1:21 as David lamented Saul's death how did he say Saul died on mount Gilboa?," As though he had not been anointed with oil, 2 Samuel 1:21",1
"In David's lamentation, whose bow did he say not turn back?"," Jonathan’s, 2 Samuel 1:22",1
In David's lamentation whose sword did he say did not return empty?," Saul’s, 2 Samuel 1:22",1
How does David describe Saul and Jonathan in life?," Lovely and pleasant, 2 Samuel 1:23",1
How were Saul and Jonathan not divided?," In their death, 2 Samuel 1:23",1
To what animals are Saul and Jonathan compared?," Eagles and lions, 2 Samuel 1:23",1
David lamented that Saul and Johnathan were swifter than what bird?," Eagles, 2 Samuel 1:23",1
David lamented that Saul and Jonathan were stronger than what animal?," Lions, 2 Samuel 1:23",1
Who does David call to weep for Saul?," The daughters of Israel, 2 Samuel 1:24",1
Why should they weep for Saul?," He clothed them in scarlet, with other delights, and ornaments of gold upon their apparel, 2 Samuel 1:24",1
In 2 Samuel 1:26 How does David describe Jonathan?," His brother, very pleasant, love wonderful, 2 Samuel 1:26",1
How does David describe his love for Jonathan?," Wonderful, surpassing the love of women, 2 Samuel 1:26",1
In 2 Samuel 1:27 What refrain does David repeat about the mighty?," “How are the mighty fallen!”, 2 Samuel 1:27",1
What does David say about the weapons of war?," They are perished, 2 Samuel 1:27",1
"In 2 Samuel 2, To which cities did David inquire of the Lord about going up to?"," Cities of Judah, 2 Samuel 2:1 ",2
"In 2 Samuel 2 When David asked the Lord if he should go up to any of the cities of Judah, which city did the Lord tell him to go up to?"," Hebron, 2 Samuel 2:1",2
How many wives did David take with him to Hebron?," Two (Ahinoam and Abigail), 2 Samuel 2:2",2
What was the name of David's wives he took with him up to Hebron?," Ahinoam the Jezreelitess and Abigail Nabal's wife the Carmelite, 2 Samuel 2:2",2
What was the name of David's wife from Jezreel?," Ahinoam, 2 Samuel 2:2",2
Who had been the wife of Nabal the Carmelite?," Abigail, 2 Samuel 2:2",2
"In 2 Smauel 2, where did the men that were with David dwell?"," In the cities of Hebron, 2 Samuel 2:3",2
Which tribe anointed David as their king?," The men of Judah, 2 Samuel 2:4",2
Who buried Saul?," The men of Jabesh-giliead, 2 Samuel 2:4",2
What did David do when he heard that the men of Jabesh-gilead had buried Saul?," He sent messengers to bless them, 2 Samuel 2:5",2
"FIB: Blessed be ye of the ----------, that ye have shewed -------- unto the lord, even unto Saul and have -------- him"," Lord, kindness, buried, 2 Samuel 2:5",2
What did David say  had the men of Jabesh-gilead shown to Saul their lord?," Kindness, 2 Samuel 2:5",2
What two things did David pray the Lord would show to the men of Jabesh-gilead?," kindness and truth, 2 Samuel 2:6",2
What did David promise to requite the men of Jabesh-gilead for their kindness?," He would requite them this kindness, 2 Samuel 2:6",2
Why did David encourage the men of Jabesh-gilead that their hand be strenghtened and they should be valiant?," Because Saul their master was dead and David was anointed king over them, 2 Samuel 2:7",2
FIB: Therefore now let your ------- be strengthened and be ye ---------: for your master --------- is dead," hand, valiant, 2 Samuel 2:7",2
Who was the captain of Saul's host?," Abner the son of Ner, 2 Samuel 2:8",2
Whom did Abner take and bring over to Mahanaim?," Ish-bosheth, Saul's son, 2 Samuel 2:8",2
Who was Ish-bosheth's father?," Saul, 2 Samuel 2:8",2
Over how many territories did Abner make Ish-bosheth king?," Six (Gilead, Ashurites, Jezreel, Ephraim, Benjamin, and all Israel), 2 Samuel 2:8-9",2
Name territories Abner made Ish-boshet over," Gilead, Ashurites, Jezreel, Ephraim, Benjamin and all Israel, 2 Samuel 2:8-9",2
How old was Ish-bosheth when he began to reign over Israel?," Forty years old, 2 Samuel 2:10",2
How long did Ish-bosheth reign over Israel?," Two years, 2 Samuel 2:10",2
Which tribe followed David?," The house of Judah, 2 Samuel 2:10",2
How long was David king in Hebron over the house of Judah?," Seven years and six months, 2 Samuel 2:11",2
Who was Abner's father?," Ner, 2 Samuel 2:12",2
What was the relationdship of Abner and Ish-bosheth?," Abner was the servant of Ish-bosheth, 2 Samuel 2:12",2
Who went out from Mahanaim to Gibeon with the servants of Ish-bosheth?," Abner the son of Ner, 2 Samuel 2:12",2
Who was Joab's father?," Zeruiah, 2 Samuel 2:13 ",2
What was ther relationship of Joab to David?," Joab was David's servant, 2 Samuel 2:13",2
Be specific: Where did Joab and Abner meet?," By the pool of Gibeon, 2 Samuel 2:13",2
Who did Abner meet by the pool of Gibeon?," Joab the son of Zeruiah and the servants of David, 2 Samuel 2:13",2
Be specific: What exact location did Abner and Joab sit down in Gibeon?," One on one side of the pool and one on the other side of the pool, 2 Samuel 2:13 ",2
On which sides of the pool did Abner and Joab sit?," One on one side and the other on the other side, 2 Samuel 2:13",2
What did Abner propose to Joab?," That the young men arise and play before them, 2 Samuel 2:14",2
What was Joab's response to Abner's proposal?," Let them arise, 2 Samuel 2:14",2
How many young men arose from Benjamin for Ish-bosheth?," Twelve, 2 Samuel 2:15",2
How many young men arose from the servants of David?," Twelve, 2 Samuel 2:15",2
What did each man do during the contest?," Caught his fellow by the head and thrust his sword in his fellow's side, 2 Samuel 2:16",2
What happened to all twenty-four young men by the pool in Gibeon?," They fell down together, 2 Samuel 2:16",2
"After the 24 men fell down together, what was the place by the pool in Gibeon called?"," Helkath-hazzurim, 2 Samuel 2:16",2
When the men of Abner and Joab fell down what happened that day?," There was a very sore battle, 2 Samuel 2:17",2
Who was beaten in the battle in Gibeon?," Abner and the men of Israel, 2 Samuel 2:17",2
What were the names of the three sons of Zeruiah?," Joab, Abishai, and Asahel, 2 Samuel 2:18",2
What quality did Asahel possess?," He was as light of foot as a wild roe, 2 Samuel 2:18",2
Whom did Asahel pursue?," Abner, 2 Samuel 2:19",2
How did Asahel pursue Abner?," He turned not to the right hand nor to the left from following Abner, 2 Samuel 2:19",2
"When Abner looked behind him and saw Asahel, what did Abner ask Asahel?"," Art thou Asahel?, 2 Samuel 2:20",2
What was Asahel's answer when Abner asked himi if he was Asahel?," I am, 2 Samuel 2:20",2
Bonus 20: What did Abner tell Asahel to do when he saw him following him?," Turn aside to thy right or to thy left and lay hold on one of the young men and take his armour, 2 Samuel 2:21",2
What did Abner offer Asahel instead of pursuing him?," His armour, 2 Samuel 2:21",2
What was Asahel response when Abner told him to stop pursuing him?," Asahel refuse to turn aside from following Abner?, 2 Samuel 2:21",2
What did Abner tell Asahel what would happen if he did not stop following him?," He will smite Asahel to the ground, 2 Samuel 2:22",2
Be specific: What question did Abner ask Asahel if he smite him?," ""How then should I hold up my face to Joab thy brother?"", 2 Samuel 2:22 ",2
How many times did Abner tell Asahel to stop following him?," two times, 2 Samuel 2:21-22",2
What did Abner use to strike Asahel?," The hinder end of his spear, 2 Samuel 2:23",2
Bonus 10: Where did the spear strike Asahel and where did it come out of him?," Under the fifth rib and it came out behind him, 2 Samuel 2:23",2
Where did Asahel die?," In the same place where he fell, 2 Samuel 2:23",2
What did everyone do who came to the place where Asahel fell?," They stood still, 2 Samuel 2:23",2
Who pursued after Abner?," Joab and Abishai, Asahel's brothers, 2 Samuel 2:24",2
When did Joab and Abishai stop pursuing?," When the sun went down, 2 Samuel 2:24",2
"Bonus 15: When Joab and Abishai were pursuing Abner, where were they when the sun went down?"," The hill of Ammah before Giah by the way of the wilderness of Gibeon, 2 Samuel 2:24",2
How long was the war between the house of Saul and the house of David?," Long, 2 Samuel 3:1",3
In which city were sons born to David?," Hebron, 2 Samuel 3:2",3
Who was David's firstborn son?," Amnon, 2 Samuel 3:2",3
Who was the mother of Amnon?," Ahinoam the Jezreelitess, 2 Samuel 3:2",3
Who was David's second son?," Chileab, 2 Samuel 3:3",3
Who was the mother of Chileab?," Abigail the wife of Nabal the Carmelite, 2 Samuel 3:3",3
Who was David's third son?," Absalom, 2 Samuel 3:3",3
Who was Absalom's mother?," Maachah the daughter of Talmai king of Geshur, 2 Samuel 3:3",3
Who was David's fourth son?," Adonijah, 2 Samuel 3:4",3
Who was the mother of Adonijah?," Haggith, 2 Samuel 3:4",3
Who was David's fifth son?," Shephatiah, 2 Samuel 3:4",3
Who was the mother of Shephatiah?," Abital, 2 Samuel 3:4",3
Who was David's sixth son born in Hebron?," Ithream, 2 Samuel 3:5",3
Who was the mother of Ithream?," Eglah, David's wife, 2 Samuel 3:5",3
Which house waxed stronger and stronger during the war?," The house of David, 2 Samuel 3:1",3
Which house waxed weaker and weaker during the war?," The house of Saul, 2 Samuel 3:1",3
Who made himself strong for the house of Saul?," Abner the son of Ner, 2 Samuel 3:6",3
What was the name of Saul's concubine?," Rizpah the daughter of Aiah, 2 Samuel 3:7",3
Who accused Abner of going in unto Rizpah?," Ishbosheth, 2 Samuel 3:7",3
Who was Rizpah's father?," Aiah, 2 Samuel 3:7",3
How did Abner respond to Ishbosheth's accusation?," He was very wroth with Ishbosheth, 2 Samuel 3:8",3
What animal did Abner compare himself to in his angry response?," A dog's head, 2 Samuel 3:8",3
Against which people did Abner say he was being charged?," Judah, 2 Samuel 3:8",3
To whose house had Abner shown kindness?," The house of Saul thy father, 2 Samuel 3:8",3
Into whose hand did Abner say he had not delivered Ishbosheth?," David's hand, 2 Samuel 3:8",3
What did Abner threaten to do to the kingdom?," Transfer it from the house of Saul and set up the throne of David, 2 Samuel 3:9-10",3
Over whom did Abner say David's throne should be set up?," Over Israel and over Judah, 2 Samuel 3:10",3
From where to where did Abner say David's kingdom should extend?," From Dan even to Beersheba, 2 Samuel 3:10",3
Why couldn't Ishbosheth answer Abner?," Because he feared him, 2 Samuel 3:11",3
To whom did Abner send messengers?," To David, 2 Samuel 3:12",3
What question did Abner ask David through his messengers?," ""Whose is the land?"", 2 Samuel 3:12",3
What did Abner propose to David?," To make a league with him, 2 Samuel 3:12",3
What did Abner promise to do for David?," Help bring all Israel unto thee, 2 Samuel 3:12",3
What did David say was good about Abner's proposal?," ""Well, I will make a league with thee"", 2 Samuel 3:13",3
What one thing did David require before he would see Abner?," That he bring Michal, Saul's daughter, 2 Samuel 3:13",3
To whom else did David send messengers besides Abner?," To Ishbosheth Saul's son, 2 Samuel 3:14",3
What did David demand from Ishbosheth?," Deliver me my wife Michal, 2 Samuel 3:14",3
How many foreskins of the Philistines did David say he was betrothed to Michal for?," An hundred foreskins, 2 Samuel 3:14",3
From whom did Ishbosheth take Michal?," From her husband, even from Phaltiel the son of Laish, 2 Samuel 3:15",3
How far did Michal's husband follow her?," To Bahurim, 2 Samuel 3:16",3
What was he doing as he followed her?," Weeping behind her, 2 Samuel 3:16",3
Who told Phaltiel to go back?," Abner, 2 Samuel 3:16",3
With whom did Abner have communication?," The elders of Israel, 2 Samuel 3:17",3
What had Israel sought in times past?," David for their king, 2 Samuel 3:17",3
What had the Lord say about David to Israel?," ""By the hand of my servant David I will save my people Israel out of the hand of the Philistines, and out of the hand of all their enemies"", 2 Samuel 3:18",3
In whose ears did Abner also speak?," In the ears of Benjamin, 2 Samuel 3:19",3
How many men came with Abner to David at Hebron?," Twenty men, 2 Samuel 3:20",3
What did David make for Abner and his men?," A feast, 2 Samuel 3:20",3
What did Abner promise to gather unto David?," All Israel, 2 Samuel 3:21",3
How did Abner depart from David?," In peace, 2 Samuel 3:21",3
What happened to Saul's son (Ish-bosheth) when he heard that Abner was dead in Hebron?," His hands were feeble, 2 Samuel 4:1",4
What was the emotional response to all the Israelites when they heard that Abner was dead?," They were all troubled, 2 Samuel 4:1",4
What were the names of the two men who were captains of bands under Ish-bosheth?," Baanah and Rechab, 2 Samuel 4:2",4
Who was the father of Baanah and Rechab?," Rimmon, 2 Samuel 4:2",4
From what city did Rimmon come?," Beeroth, 2 Samuel 4:2",4
To what tribe was Beeroth belong?," Benjamin, 2 Samuel 4:2",4
Where did the Beerothites flee to?," Gittaim, 2 Samuel 4:3",4
How long had the Beerothites been sojourners in Gittaim?," Until ""this day"" (the time of writing), 2 Samuel 4:3",4
Who was Jonathan's son that ruled over Israel after Johnathan died?," Mephibosheth, 2 Samuel 4:4",4
How old was Mephibosheth when tidings came from Jezreel about Saul and Jonathan?," Five years old, 2 Samuel 4:4",4
What happened to Mephibosheth when his nurse took him up and was fleeing with him?," He fell and became lame, 2 Samuel 4:4",4
What physical condition resulted from Mephibosheth's fall?," He was lame on his feet, 2 Samuel 4:4",4
At what time of day did Rechab and Baanah come to Ish-bosheth's house?," About the heat of the day at noon, 2 Samuel 4:5",4
What was Ish-bosheth doing when they arrived?," Lying on his bed, 2 Samuel 4:5",4
What did Rechab and Baanah pretend they were doing when they came into the house?," Fetch wheat, 2 Samuel 4:6",4
Where did they smite Ish-bosheth?," Under the fifth rib, 2 Samuel 4:6",4
What did Rechab and Baanah do after smiting Ish-bosheth?," They escaped, 2 Samuel 4:6",4
In what part of the house was Ish-bosheth when they smote him and slew him?," On his bed in his bedchamber, 2 Samuel 4:7",4
What was Ish-bosheth doing at the time when they smote him?," Lying on his bed in his bedchamber, 2 Samuel 4:7",4
What did Rechab and Baabah do to Ish-bosheth after they smote and slew him him?," Beheaded him and took his head and gat them away through the plain, 2 Samuel 4:7",4
What did they take with them when they fled?," His head, 2 Samuel 4:7",4
By what route did they travel after the murder?," The way of the plain, 2 Samuel 4:7",4
How long did they travel?," All night, 2 Samuel 4:7",4
To whom did they bring the head of Ish-bosheth?," David, 2 Samuel 4:8",4
Where was David when they brought him the head?," Hebron, 2 Samuel 4:8",4
How did Rechab and Baanah describe Ish-bosheth to David?," ""Saul thine enemy, which sought thy life"", 2 Samuel 4:8",4
"According to the Rechab and Baabah, who had avenged David?"," The LORD, 2 Samuel 4:8",4
How did David describe one who told him of Saul's death?," As one who ""thought to have brought good tidings"", 2 Samuel 4:10",4
What did David do to the one who brought news of Saul's death?," Took hold of him and slew him in Ziklag, 2 Samuel 4:10",4
How did David describe what he gave the messenger as a reward?," ""Who thought that I would have given him a reward for his tidings"", 2 Samuel 4:10",4
How did David compare the wicked men who slew Ish-bosheth to the messenger?," They killed a righteous person in his own house on his bed, 2 Samuel 4:11",4
How did David describe Ish-bosheth?," As ""a righteous person"", 2 Samuel 4:11",4
Where did David say Ish-bosheth was when he was slain?," In his own house in his bed, 2 Samuel 4:11",4
On what piece of furniture was Ish-bosheth slain?," Upon his bed, 2 Samuel 4:11",4
What did David say he would require from the murderers?," His blood of their hand, 2 Samuel 4:11",4
What did David say he required of the two men who slew Ish-bosheth?," his blood of the me two men's hand and take them away from the earth, 2 Samuel 4:11",4
What did David command his young men to do to Rechab and Baanah?," Slay them, 2 Samuel 4:12",4
What body parts did the young men who slew Rechab and Baanah cut off after slaying them?," Their hands and their feet, 2 Samuel 4:12",4
Where did they hang Rechab and Baabah's body parts?," Over the pool in Hebron, 2 Samuel 4:12",4
What did they do with the head of Ish-bosheth?," Buried it, 2 Samuel 4:12",4
Where was Ish-bosheth's head buried?," In the sepulchre of Abner in Hebron, 2 Samuel 4:12",4
Which tribes came to David at Hebron to make him king over Israel?," All the tribes of Israel, 2 Samuel 5:1",5
"When the tribes went to David in Hebron, what did they first say to David?"," ""Behold, we are thy bone and thy flesh"", 2 Samuel 5:1",5
What did the tribes of Isarael say to David in reference to when Saul was king?," thou wast he that leddest out and brought them to Israel?, 2 Samuel 5:2",5
What did the tribes say that the LORD said to David about his role over Israel when Saul was king?," ""Thou shalt feed my people Israel, and thou shalt be a captain over Israel"", 2 Samuel 5:2",5
Where did the elders of Israel go to anoint David king over Israel?," Hebron, 2 Samuel 5:3",5
What did David make with the elders before the LORD?," A league, 2 Samuel 5:3",5
Who anointed David king over Israel?," The elders of Israel, 2 Samuel 5:3",5
How old was David when he began to reign over Israel?," Thirty years old, 2 Samuel 5:4",5
How long did David reign over Isralel?," Forty years, 2 Samuel 5:4",5
Where did David reign for seven years and six months?," In Hebron over Judah, 2 Samuel 5:5",5
How long did David reign in Jerusalem over all Israel and Judah?," Thirty and three years, 2 Samuel 5:5",5
Over whom did David reign in Jerusalem?," Over all Israel and Judah, 2 Samuel 5:5",5
Where did king David and his men go to attack the Jebusites?," Jerusalem, 2 Samuel 5:6",5
"When David and his men went to take Jersalem, what group of people inhabited Jerusalem?"," The Jebusites, 2 Samuel 5:6",5
What did the Jebusites say about the blind and lame concerning David?," ""Except thou take away the blind and the lame, thou shalt not come in hither"", 2 Samuel 5:6",5
What did the Jebusites think about David's ability to enter?," ""David cannot come in hither"", 2 Samuel 5:6",5
What stronghold did David take?," The strong hold of Zion, the city of David, Jerusalem, 2 Samuel 5:7",5
What is the strong hold of Zion also called?," The city of David, 2 Samuel 5:7",5
What did David say on that day regarding those who would strike the Jebusites?," ""Whosoever getteth up to the gutter, and smiteth the Jebusites"", 2 Samuel 5:8",5
What groups of people did David say he hated?," ""The lame and the blind"", 2 Samuel 5:8",5
What saying arose because of David's statement about the blind and lame?," ""The blind and the lame shall not come into the house"", 2 Samuel 5:8",5
Where did David dwell after taking the stronghold?," In the fort, 2 Samuel 5:9",5
What did David call the fort?," The city of David, 2 Samuel 5:9",5
"When David dwelt in the Fort, what area did he build round about from?"," From Millo and inward, 2 Samuel 5:9",5
In what manner did David grow after taking Jerusalem?," ""David went on, and grew great"", 2 Samuel 5:10",5
Who was with David as he grew great?," ""The LORD God of hosts"", 2 Samuel 5:10",5
Who sent messengers to David?," Hiram king of Tyre, 2 Samuel 5:11",5
What materials did Hiram send to David?," Cedar trees, 2 Samuel 5:11",5
What types of workers did Hiram send to David?," Carpenters and masons, 2 Samuel 5:11",5
What did the workers build for David?," A house, 2 Samuel 5:11",5
What did David perceive about his kingship?," ""That the LORD had established him king over Israel"", 2 Samuel 5:12",5
For whose sake had the LORD exalted David's kingdom?," ""For his people Israel's sake"", 2 Samuel 5:12",5
Where did David take more concubines and wives from?," Jerusalem, 2 Samuel 5:13",5
When did David take more wives and concubines?," ""After he was come from Hebron"", 2 Samuel 5:13",5
Who were born to David in Jerusalem?," ""Sons and daughters"", 2 Samuel 5:13",5
Who were the sons born to David in Jerusalem?," Shammuah, Shobab, Nathan, Solomon, Ibhar, Elishua, Nepheg, Japhia, Elishama, Eliada, Eliphalet, 2 Samuel 5:14-16",5
How many sons did David have in Jerusalem?," David had 11 sons in Jerusalem, 2 Samuel 5:14-16",5
Which famous son of David is mentioned among those born in Jerusalem?," Solomon, 2 Samuel 5:14",5
When did the Philistines come up to seek David?," When they heard David was anointed king over Israel, 2 Samuel 5:17",5
What did David do when he heard the Philistines came up?," ""David heard of it, and went down to the hold"", 2 Samuel 5:17",5
Where did the Philistines come and spread themselves?," In the valley of Rephaim, 2 Samuel 5:18",5
What did David do before going against the Philistines?," He inquired of the LORD, 2 Samuel 5:19",5
Before David went against the Philistines what did he inquire of the Lord?," He asked the Lord ""Shall I go up to the Philistines"" and ""Wilt thou deliver them into mine hand?, 2 Samuel 5:19",5
What did the LORD tell David about going up against the Philistines?," ""Go up, for I will doubtless deliver the Philistines into thine hand"", 2 Samuel 5:19",5
What did David call the place where he defeated the Philistines?," Baalperazim, 2 Samuel 5:20",5
Why did David call the place he defeated the Philistines Baalperazim?," Becasue he said ""The Lord hath broken forth upon mine enemies before me, as the breach of waters"", 2 Samuel 5:20",5
"After David defeated the Philistines, what did they leave behind and what did David do with it?"," Their images and David burned them, 2 Samuel 5:21",5
"When the Philistines went up again, where did they spread themselves?"," In the valley of Rephaim, 2 Samuel 5:22",5
"When the Philistines went up again to David, where did the Lord tell David to go?"," Fetch a compass behind them, and come upon them over against the mulbery trees, 2 Samuel 5:23",5
When did the the Lord tell David he should bestir himself?," When he hearest the sound of a going in the tops of the mulberry trees, 2 Samuel 5:24",5
"When the Philistines went up again to David, he did as the Lord commanded, from where until where did David smite the Philistines?"," Geba until Gazer, 2 Samuel 5:25",5
How many chosen men of Israel did David gather together to bring up the ark of God?," Thirty thousand, 2 Samuel 6:1-2",6
Where did David and his men go to get the ark of God?," Baale of Judah, 2 Samuel 6:2",6
When on the ark did the Lord of hosts dwell?," Between the cherubims, 2 Samuel 6:2",6
Where did David and his men go to get the ark of God?," Abinadab's house in Gibeah, 2 Samuel 6:3",6
Where did they set the ark of God to carry it?," Upon a new cart, 2 Samuel 6:3",6
Who drove the cart that the ark was on?," Uzzah and Ahio, 2 Samuel 6:3",6
Name Abinadab's son who drove the ark," Uzzah and Ahio, 2 Samuel 6:3",6
Who was the father of Uzzah and Ahio?," Abinadab, 2 Samuel 6:3",6
Which son of Abinadab went before the ark?," Ahio, 2 Samuel 6:4",6
"When they were carrying the ark from Abinada's house, what instruments did they play?"," All manner of instruments made of fir wood, harps, psalteries, timbrels, cornets, and cymbals, 2 Samuel 6:5",6
Where were they when Uzzah put forth his hand to the ark of God?," Nachon's threshingfloor, 2 Samuel 6:6",6
Why did Uzzah put forth his hand to the ark of God?," Because the oxen shook it, 2 Samuel 6:6",6
Why did God's anger kindle against Uzzah?," For his error, 2 Samuel 6:7",6
What did God do to Uzzah because he put forth his hand on the ark?," Smote him and he died there by the ark of God, 2 Samuel 6:7",6
What was David's emotional response to what the LORD had done to Uzzah?," He was displeased, 2 Samuel 6:8",6
What name did David give to the place where Uzzah died?," Perezuzzah, 2 Samuel 6:8",6
What emotion did David feel toward the LORD that day?," He was afraid, 2 Samuel 6:9",6
What question did David ask in verse 9?," How shall the ark of the LORD come to me?, 2 Samuel 6:9",6
Where did David refuse to bring the ark?," To himself in the city of David, 2 Samuel 6:10",6
"After Uzzah died, where was the ark taken to?"," The house of Obededom the Gittite, 2 Samuel 6:10",6
How long did the ark remain in the house of Obededom?," Three months, 2 Samuel 6:11",6
What did the LORD do to Obededom and all his household?," Blessed them, 2 Samuel 6:11",6
Who told King David about the LORD's blessing on Obededom's household?," It was told (reported to) King David, 2 Samuel 6:12",6
From where did David bring up the ark of God to ?," From the house of Obededom, 2 Samuel 6:12",6
Where did David bring the ark with gladness?," Into the city of David, 2 Samuel 6:12",6
How many paces did those bearing the ark go before David sacrificed?," Six paces, 2 Samuel 6:13",6
What animals did David sacrifice after they went six paces baring the ark?," Oxen and fatlings, 2 Samuel 6:13",6
"After David sacrifice the oxen and fatlings, what did he do?"," David danced before the Lord, 2 Samuel 6:14",6
How did David dance before the LORD?," With all his might, 2 Samuel 6:14",6
What was David girded with as he danced before the Lord?," A linen ephod, 2 Samuel 6:14",6
How did David and the house of Israel bring up the ark?," With shouting and with the sound of the trumpet, 2 Samuel 6:15",6
Where did the ark of the LORD come when Michal looked through a window?," Into the city of David, 2 Samuel 6:16",6
Who was Michal's father?," Saul, 2 Samuel 6:16",6
Where was Michal when she saw David dancing before the Lord?," Looking through a window, 2 Samuel 6:16",6
What did Michal see King David doing?," Leaping and dancing before the LORD, 2 Samuel 6:16",6
What was Michal's response in her heart when she saw David dancing?," She despised him, 2 Samuel 6:16",6
Where did they bring in the ark of the LORD?," Into his place, in the midst of the tabernacle that David had pitched for it, 2 Samuel 6:17",6
 Where in the city of David did they set the ark?," In his place, in the midst of the tabernacle, 2 Samuel 6:17",6
"After the ark was placed in the tabernacle, what two offerings did David offer before the Lord?"," burnt-offerings and peace-offerings, 2 Samuel 6:17",6
After David made the offerings to the Lord what did he do next?," He blessed the people in the name of the Lord of hosts, 2 Samuel 6:18",6
In whose name did David bless the people?," In the name of the LORD of hosts, 2 Samuel 6:18",6
"After David blessed the people what he give to the whole multitude of Israel, women and men, did he give to them?"," He gave them a cake of bread, a good piece of flesh and a flagon of wine, 2 Samuel 6:19",6
"To whom did David deal a cake of bread, a piece of flesh and a flagon of wine?"," the whole multitude of Israel, women and men, 2 Samuel 6:19",6
What three food items did David give to each the whole multitude of Israel?," A cake of bread, a good piece of flesh, and a flagon of wine, 2 Samuel 6:19",6
Where did all the people depart after receiving food?," Every one to his house, 2 Samuel 6:19",6
Why did David return home?," To bless his household, 2 Samuel 6:20",6
Who came out to meet David when he returned to his house?," Michal the daughter of Saul, 2 Samuel 6:20",6
How did Michal sarcastically describe David's behavior?," She said he uncovered himself as one of the vain fellows shamelessly uncovereth himself, 2 Samuel 6:20",6
What did David say to Michal after she sarcastically describe David's behavior to him?," David said the Lord, and her Michal's father appointed him ruler over Israel therefore he will play before the Lord, 2 Samuel 6:21",6
Who did David say chose him above Michal's father?," The LORD, 2 Samuel 6:21",6
Over what people did the LORD appoint David as ruler?," Over Israel, the people of the LORD, 2 Samuel 6:21",6
How did David say he would be willing to be seen?," Base (or vile) in his own sight, 2 Samuel 6:22",6
What was Michal's condition until the day of her death?," She had no child, 2 Samuel 6:23",6
Where was David dwelling when he spoke to Nathan the prophet about building a house for the ark of God?," In his house (a house of cedar), 2 Samuel 7:1-2",7
"When the Lord had given the king (David) rest round about from all his enemies, what did he say to Nathan regarding the ark of God?"," The ark of God dwelt within curtains while David lived in a house of cedar, 2 Samuel 7:2",7
"FIB: And Nathan said to the king, -----, do all that is in thine --------, for the ------- is with thee"," Go, heart, Lord, 2 Samuel 7:3",7
"King David said to the prophet Nathan that he dwelt in a house of cedar, where did he say the ark of God dwell within?"," Curtains, 2 Samuel 7:2",7
What did Nathan initially tell David to do regarding his desire to build a house for the LORD?," Nathan told David ""Go, do all that is in thin heart, for the LORD is with thee."", 2 Samuel 7:3",7
Who came to Nathan the prophet with a message about David's desire to build a house for the ark?," The word of the LORD came to Nathan, 2 Samuel 7:4",7
What did the LORD instruct Nathan to ask David regarding David's plan to build a house for the ark of God? ," Shalt thou build me an house for me to dwell in?, 2 Samuel 7:5",7
From what time until the delivery of this message had the ark of God not dwelt in a permanent house?," From the time He brought Israel out of Egypt, 2 Samuel 7:6",7
What did the LORD tell Nathan he did not dwell in since he brought the children of Israel out of Egypt untill this day?," In any house, 2 Samuel 7:6",7
Where did the Lord tell Nathan the ark of the Lord have walked until this day?," A tent in a tabernacle, 2 Samuel 7:6",7
FIB: Whereas I have not ------- in any --------- since the time that I brought up the -------- of Israel out of ------," dwelt, house, children, Egypt, 2 Samuel 7:6",7
"FIB: I took thee from the ----------, from ------- the sheep, to be ------ over my people, over --------"," sheepcote, following, ruler, Israel, 2 Samuel 7:8",7
"In 2 Samuel 7:11, what did the LORD tell David He would make for him?"," a house, 2 Samuel 7:11",7
"FIB: And when they days be --------, and thou shalt ------- with they fathers, I will set up thy ------ after thee"," fulfilled, sleep, seed, 2 Samuel 7:12",7
"FIB: I will set up a seed after thee, which shall ------ out of thy --------, and I will establish his -------"," proceed, bowels, kingdom, 2 Samuel 7:12",7
In 2 Samuel 7 Who would establish the throne of the kingdom promised to David's seed?," The LORD, 2 Samuel 7:12,13",7
What would David's seed build for the LORD? ," A house, 2 Samuel 7:13",7
"In 2 Samuel 7:13, how long did the LORD promise to establish the throne of his kingdom?"," For ever, 2 Samuel 7:13",7
"FIB: I will be his -------, and he shall be my --------. If he commit --------, I will ------- him with the ------- of men,"," father, son iniquity, chasten. rod, 2 Samuel 7:14",7
"FIB: I will chasen him with the ------- of men, and with the --------- of the ---------- of men"," rod, stripes, children, 2 Samuel 7:14",7
The LORD said His mercy would not depart from David's seed as it departed from whom?," Saul, 2 Samuel 7:15",7
What three things did the LORD tell Nathan would be established before David for ever? ," David's house, his kingdom, and his throne, 2 Samuel 7:16",7
"FIB: According to all these -------, and according to all this ----------, so did ---------- speak unto David"," words, vision, Nathan, 2 Samuel 7:17",7
"In 2 Samuel 7, where did David go after Nathan delivered the LORD's message to him? "," David went in and sat before the LORD, 2 Samuel 7:18",7
"FIB: Then went King David in a sat before the ------, and he said, Who am ----, O Lord God? and what is my ------, that thou hast brought me hitherto?"," Lord, I, house, 2 Samuel 7:18",7
"In 2 Samuel 7, David described the LORD's promises as a small thing, but said the LORD had also spoken of His servant's house for how long? "," For a great while to come, 2 Samuel 7:19",7
"In 2 Samuel 7:19, how did David describe the Lord's promise?"," a small thing, 2 Samuel 7:19",7
What did David say he could add to the LORD regarding the LORD's knowledge of His servant? ," David said he could say nothing more, for the LORD knoweth His servant, 2 Samuel 7:20",7
"In David's prayer in 2 Samuel 7, For whose sake and according to what did the LORD do all these great things? "," For His word's sake and according to His own heart, 2 Samuel 7:21",7
"In 2 Samuel 7:22, what conclusion did David draw about the LORD based on all he had heard from the Lord through Nathan?"," There is none like thee, neither is there any God beside thee, 2 Samuel 7:22",7
"FIB: Therefore thou art -------, O Lord ----: for there is ------- like thee, neither is there any God beside thee, according to all that we have ---- with our ears"," great, God, none, heard ), 2 Samuel 7:22",7
What did David say the LORD had confirmed for Himself from Israel?," Israel as a people unto Himself for ever and the LORD became their God, 2 Samuel 7:24",7
What did David ask the LORD to do with the word He had spoken about David's house?," Establish it for ever and do as He had said, 2 Samuel 7:25",7
"In 2 Samuel 7:26, who did David say would be established before the LORD?"," The house of David His servant, 2 Samuel 7:26",7
"FIB: And let thy name be ------ for ever, saying, The Lord of ------ is the God over --------: and let the house of thy servant ------ be established before thee"," magnified, hosts, Israel, David, 2 Samuel 7:26",7
"In 2 Samuel 7:27, what had the LORD of hosts, the God of Israel, revealed to his servant (David)? "," That He would build David a house, 2 Samuel 7:27",7
In 2 Samuel 7:28 what did David call the LORD's words in his prayer?," True, 2 Samuel 7:28",7
"FIB: O Lord God, hast spoken it: and with thy --------- let the house of thy servant be --------- for ever."," blessings, blessed, 2 Samuel 7:29",7
"In 2 Samuel 8:1 when David smote the Philistines, and subdued them which territory did he take our of the hands of the Philistines?"," Metheg-ammah, 2 Samuel 8:1",8
When fighting what nation did David take and measured them with a line?," Moab, 2 Samuel 8:2",8
In 2 Samuel 8 what nation did David smite next after the Philistines? ," Moab, 2 Samuel 8:2",8
"When David took Moab, what did he do with the  Moabites?"," David cast them to the ground and measured them with two lines. Two lines he put to death and one line one full line he kept alive, (2 Samuel 8:2)",8
How did David measure the Moabites after he smote them?," He cast them to the ground and measured them with a line — two lines to put to death, and one full line to keep alive, 2 Samuel 8:2",8
What happened to the Moabites that were kept alive after David's smote them?," The Moabites became David's servants and brought gifts, 2 Samuel 8:2",8
"Who was Hadadezer, and what nation was he king of?"," Hadadezer was the son of Rehob and king of Zobah, 2 Samuel 8:3",8
What was Hadadezer doing when David smote him?," Hadadezer was going to recover his border at the river Euphrates, 2 Samuel 8:3",8
How many chariots did David take from Hadadezer?," One thousand, 2 Samuel 8:4",8
How many horsemen did David take from Hadadezer?," One 700 horsemen, 2 Samuel 8:4",8
How many footmen did David take from Hadadezer? ," Twenty thousand footmen, 2 Samuel 8:4",8
What did David do to the chariot horses he captured from Hadadezer? ," David houghed all the chariot horses but reserved of them for an 100 chariots, 2 Samuel 8:4",8
"Who came to succour Hadadezer, king of Zobah when David fought against him? "," The Syrians of Damascus, 2 Samuel 8:5",8
How many Syrians of Damascus did David slay? ," Twenty and two thousand men, 2 Samuel 8:5",8
"After David slew 20,000 Syrians of Damascus, what did he put there?"," Garrisons, 2 Samuel 8:6",8
What did the Syrians of Damascus become to David?," They became servants to David and brought gifts, 2 Samuel 8:6",8
"In 2 Samuel 8:6, who preserved David whithersoever he went?"," The LORD, 2 Samuel 8:6",8
What did David take from the servants of Hadadezer?," Shields of gold, 2 Samuel 8:7",8
Where did David take the shields of gold he took from Hadadezer's servants?," To Jerusalem, 2 Samuel 8:7",8
What two cities of Hadadezer did David take exceeding much brass?," Betah and from Berothai, 2 Samuel 8:8",8
"Who was Toi, and what did he hear about David?"," Toi was king of Hamath, and he heard that David had smitten all the host of Hadadezer, 2 Samuel 8:9",8
"Whom did king Toi send to King David, and why?"," Toi sent his son Joram to King David to salute him and bless him, because David had fought against Hadadezer and smitten him, 2 Samuel 8:10",8
Why did Toi rejoice that David had fought against Hadadezer? ," Because Hadadezer had wars with Toi — Hadadezer was Toi's enemy, 2 Samuel 8:10",8
"What did Joram, king Toi's son, take with him to give King David? "," Vessels of silver, vessels of gold, and vessels of brass, 2 Samuel 8:10",8
What did David do with the silver and gold from all the nations he subdued? ," He dedicated them unto the LORD, 2 Samuel 8:11",8
Name five nations whose spoil David dedicated to the LORD," Syria, Moab, the children of Ammon, the Philistines, Amalek, Hadadezer son of Rehob king of Zobah, 2 Samuel 8:11–12",8
In 2 Samuel 8 When did David get him a name (became famous)?," After he came from slaying eighteen thousand Syrians in the valley of salt, 2 Samuel 8:13",8
"What was the name of the place where David's slew 18,000 Syrians?"," The valley of salt?, 2 Samuel 8:13",8
How many men did David smite in the valley of salt?," Eighteen thousand, 2 Samuel 8:13",8
What did David put throughout all Edom?," Garrisons, 2 Samuel 8:14",8
What became of all the Edomites?," They became David's servants, 2 Samuel 8:14",8
"In 2 Samuel 8, what did the Lord do for David wherever he went?"," The LORD preserved David, 2 Samuel 8:14",8
What did David do as he reign over all Israel?," David executed judgment and justice unto all his people, 2 Samuel 8:15",8
Who was over the host of David's army?," Joab the son of Zeruiah, 2 Samuel 8:16",8
"In 2 Samuel 8, who was recorder under David? "," Jehoshaphat the son of Ahilud, 2 Samuel 8:16",8
"What was Jehoshaphat's, son of Ahilud's job?"," Recorder, 2 Samuel 8:16 ",8
Who were the priests under David? ," Zadok the son of Ahitub, and Ahimelech the son of Abiathar, 2 Samuel 8:17",8
Who was David's scribe?," Seraiah, 2 Samuel 8:17",8
Who was over the Cherethites and the Pelethites?," Benaiah the son of Jehoiada, 2 Samuel 8:18",8
What was the role of David's sons?," They were chief rulers, 2 Samuel 8:18",8
Whose son was Zadok the priest?," The son of Ahitub, 2 Samuel 8:17",8
Whose son was Ahimelech the priest?,"  Abiathar, 2 Samuel 8:17",8
"Whose son was Joab, David's captain of the host?","  Zeruiah, 2 Samuel 8:16",8
Name Ahilud's son," Jehoshaphat, 2 Samuel 8:16",8
"Whose son was Jehoshaphat, David's recorder?"," Ahilud, 2 Samuel 8:16",8
"Whose son was Benaiah, who was over the Cherethites and Pelethites?"," Jehoiada, 2 Samuel 8:18",8
"When there was famine in the land and David asked the Lord why, what was the Lord's response?"," It is for Saul, and for his bloody house, because he slew the Gibeonites, 2 Samuel 21:1",21
"FIB: Then there was a ___ in the days of David ___ years, ___ after year, and David ___ of the ___"," famine, three, year, enquired, Lord, 2 Samuel 21:1",21
"FIB with the same word: Then there was a famine in the days of David three ___, ___ after ___, and David enquired of the Lord"," years, year, year, 2 Samuel 21:1",21
"FIB: It is for Saul, and for his ___ house, because he slew the ___"," bloody, Gibeonites, 2 Samuel 21:1",21
"The Gibeonites were not from the children of Israel, what remnant were they from?"," the Amorites, 2 Samuel 21:2",21
"When there was famine in the land and the Lord told David it was because of Saul and his house, who did the king call?"," the Gibeonites, 2 Samuel 21:2",21
"When the king called the Gibeonites, what did he say to them?"," What shall I do for you? and wherewith shall I make the atonement, that ye may bless the inheritance of the Lord?, 2 Samuel 21:3",21
"FIB: ... and wherewith shall I make the ___, that ye may ___ the inheritance of the Lord?"," atonement, bless, 2 Samuel 21:3 ",21
What did the Gibeonites say they will NOT accept of Saul and his house for an atonement?," silver, gold, neither do they want any man in Israel to be killed, 2 Samuel 21:4",21
"After the Gibeonites said what they would not accept for an atonement, what did David say?"," ""What ye shall say, that will I do for you, 2 Samuel 21:4",21
"FIB the king to the Gibeonites: The man that ___ us, and that devised against us that we should be ___ from remaining in any of the ___ of Israel"," consume, destroyed,coast, 2 Samuel 21:5",21
"Who said the following to who: ""The man that consumed us, and that devised against us that we should be destroyed from remaining in any of the coast of Israel."""," king to the Gibeonites, 2 Samuel 21:5",21
How many men of Saul's sons did the Gibeonites say to deliver unto them?," Seven, 2 Samuel 21:6",21
What did the Gibeontes say they would do with the seven sons that would be delivered to them?," hang them up unto the Lord in Gibeah of Saul, 2 Samuel 21:6",21
"When the Gibeonites asked for the seven sons to be delivered to them, what did the king say?"," ""I will give them"", 2 Samuel 21:6",21
Which son of Saul did the king not give to the Gibeonites?," Mephibosheth, 2 Samuel 21:7",21
Why did the king not give up Mephibosheth the son of Jonathan to the Gobeonites?," because of the Lord's oath that was between them, David and Jonathan the son of Saul, 2 Samuel 21:7",21
Name the two sons of Rizpah the daughter of Aiah Saul's concubine," Armoni and Mephibosheth, 2 Samuel 21:8",21
Bonus 10: Who did king (David) delivered to the Gibeonites as atonement,"  Armoni, Mephibosheth the son of Rizpah, and the five sons of Michal, the daughter of Saul, 2 Samuel 21:8,9",21
"Be specific: In 2 Samuel 21:8, Who was Adriel?"," the wife of Michal, Saul's daughter, the son of Barzillai, the Meholathite, 2 Samuel 21:8",21
What did the Gibeonites do to the two sons and five grandsons of Saul?," they hanged them in the hill before the Lord, 2 Samuel 21:9",21
Bonus 15: What time of year did the Gibeonites hang the two sons and five grandsons of Saul?," in the days of harvest, in the first days, in the beginning of barley harvest, 2 Samuel 21:9",21
"Who did the followig, took sackcloth, and spread it for ther upon the rock, from the beginnging of harvest until water dropped upon them"," Rizpah the daughter of Aiah, 2 Samuel 21:10",21
How long did Rizpah stay by the bodies of her two sons and Michal's five sons?," from the begining of harvest until water dropped up them out of heaven, 2 Samuel 21:10",21
Why did Rizpah take sack cloth and spread it on the rock?," to suffer neither the birds of the air to rest on them (the bodies) by day nor the beasts of the field by night, 2 Samuel 21:10",21
How did Rizpah protect the bodies of her two sons?," She took sackcloth, and spread it for her upon the rock, 2 Samuel 21:10",21
"Bonus 25: After David was told that Rizpah was guarding the bones of her sons, what did David do?"," He took Saul and Jonathan's bones and the bones of them that were hanged and buried them in the country of Benjamin in Zelah, in the sepulchre of Kish his father, 2 Samuel 21:11-14",21
"Where did they bury the bonse of Saul, Jonathan, the two sons of Rizpah and the five son of Michal?"," In the country of Benjamin in Zelah, in the sepulchre of Kish (Saul's father), 2 Samuel 21:14",21
FIB: 2 Samuel 21:14 And after that God was ___ for the land," Intreated, 2 Samuel 21:14",21
"FIB: And Rizpah the daughter of Aiah took ___, and spread it for her upon the ___"," sackcloth, rock, 2 Samuel 21:10",21
"FIB: And it was told ___what Rizpah the daughter of Aiah, the conbubine of Saul, had done"," David, 2 Samuel 21:11",21
"In 2 Samuel 21, whcih country was warring against Israel when it was said that David waxed faint?"," the Philistines, 2 Samuel 21:15",21
"FIB: ... and David went down, and his servants with him, and fought against the Philistines: and David ___ ___"," waxed, faint, 2 Samuel 21:15",21
What is the name of the son of the giant that tired to slay David when he waxed faint?," Ishbi-benob, 2 Samuel 21:16",21
What was the weight Ishbi-benob's spear?," three hundred shekels of brass, 2 Samuel 21:16",21
"Be specific: When he tried to slay David what weapons did Ishbi-benob, of the sons of the giant carry?"," a spear and a new sword, 2 Samuel 21:16 ",21
"Be specific: When Ishbi-benob tried to slay David who succoured him(David) and smote the Philistine, and killed him?"," Abishai the son Zeruiah, 2 Samuel 21:17",21
"Be specific: After Abishai smote and kill Ishbi-benob, who swore unto David he would not go out to battle with them anymore?"," the  men of David, 2 Samuel 21:17",21
"FIB: Thou shalt go no more out with us to ___, that thou ___ not the ___ of Israel"," battle, quench, light, 2 Samuel 21:17",21
"Who said the following to who: ""Thou shalt go no more out with us to battle, that thou quench not the light of Israel."""," the men of David to David, 2 Samuel 21:17",21
"When the men of David told him he will not go out to battle with them anymore, what did they say so that he (David) not quench?"," The light of Israel, 2 samuel 21:17",21
In which battle did Sibbechai the Hushathite slay Saph one of the sons of the giant?," Battle with Philistines in Gob, 2 Samuel 21:18",21
"In the battle in Gob, name the son of the giant that Sibechai the Hushathite slay"," Sap, 2 Samuel 21:18 ",21
Who slew Sap one of sons of the giant in the battle in Gob?," Sibechai the Hushathite, 2 Samuel 21:18",21
Be specific: In the battle in Gob with the Philistines who slew the brother of Goliath the Gittite?," Elhanan the son of Jaareoregim a Beth-lehemite, 2 Sameul 21:19",21
Be specific: In the battle in Gob wiht the Philistines who did Elhanan the son of Jaareoregim a Beth-lehemite slay?," the brother of Goliaht the Gittie, 2 Samuel 21:19",21
What was the brother of Goliath's spear like?," a weaver's beam, 2 Samuel 21:19",21
Describe the brother of Goliath's spear," like a weaver's beam, 2 Samuel 21:19",21
What of the brother of Goliath was describesd as a weaver's beam?," his spear, 2 Samuel 21:19",21
"In which place where there was a battle and there was a man of great stature, that had on every hand six fingers, and on every foot six toes?"," Gath, 2 Samuel 21:20 ",21
Be specific: Who slew the man who was born to the giant that had six fingers and six toes?," Jonathan the son of Shimeah the brother of David?, 2 Samuel 21:20,21",21
Bonus 20: Name the four who were born to the giant in Gath," Ishbi-benob, Saph, the brother of Goliath the Gittite, the man who had six fingers on every hand and six toes on every foot, 2 Samuel 21:16-22 ",21
"FIB: And David spake unto the ___ the words of this ___ in the day that the Lord had delivered him out of the ___ of all his ___, and out of the hand of ___"," Lord, song, hand, enemies, Saul, 2 Samuel 22:1",22
"Who said the following to who: The Lord is my rock, and my fortress, and my deliverer"," David to the Lord, 2 Samuel 22:2",22
"Bonus for 25: In 2 Samuel 22:2&3, David said the Lord is his rock, his fortress and his deilverer. What else did he say the Lord is to him?"," his shield, the horn of his salvation, high tower, refuge, saviour, 2 Samuel 22:2-3",22
"FIB: And David spake unto the ___ the words of this ___ in the day that the Lord had delivered him out of the ___ of all his ___, and out of the hand of ___"," Lord, song, hand, enemies, Saul, 2 Samuel 22:1",22
"FIB: I will ___ on the Lord, who is ___ to be praised: so shall I  be saved from mine ___"," call, worthy, enemies, 2 Samuel 22:4",22
"In 2 Samuel 22, who did David say who would be saved from when he called on the Lord?"," His enemies, 2 Samuel 22:4",22
What did David say compass him?," the waves of death, 2 Samuel 22:5",22
"In David's song, what did he say the floods of ungodly men do to him?"," made him afraid, 2 Samuel 22:5",22
"In Davis's song, what did he say made him afraid?"," the floods of ungodly men, 2 Samuel 22:5",22
"FIB: The ___of hell compassed me about, the snares of ___prevented me"," sorrows, death, 2 Samuel 22:6",22
"FIB: The sorrows of hell ___ me about, the ___ of death ___ me"," compassed, snares, prevented me, 2 Samuel 22:6",22
"Bonus 10: In 2 Samuel 22, What did David say he did in his distress?"," He called upon the Lord, and cried to his God, 2 Samuel 22:7",22
"FIB: ... and he did ___ my voice out of his ___, and my cry did enter into his ___"," hear, temple, ears, 2 Samuel 22:7",22
"In 2 Samuel 22 Why is it said ""the earth shook and trembled, the foundations of heaven moved and shook"""," because he (God) was wroth, 2 Samuel 22:8",22
"In 2 Samuel 22, what happened when he (God) was wroth?"," the earth shook and trembled, the foundations of heaven moved and shook, 2 Samuel 22:8",22
"FIB: There went up a ___ out of his nostrils, and ___ out of his mouth devoured, ___ were kindled by it"," smoke, fire, coals, 2 Samuel 22:9",22
"FIB: There went up a smoke out of his ___ and fire out of his ___ devoured, coals were ___ by it"," nostrils, mouth, kindled, 2 Samuel 22:9",22
"In the song of David He (God) bowed the heavens also and came down, what did it say was under his feet?"," darkness, 2 Samuel 22:10",22
"Bonus 10: In the song of David, what is it said that he (God) rode upon and what was he seen upon?"," a cherub, the wings of the wind, 2 Samuel 22:11",22
"Bonus 15: In 2 Samuel 22 What is it said that God made darkness round about him, what type of waters and what types of clouds?"," Pavilion, dark, thick clouds, 2 Samuel 22:12",22
"In 2 Samuel 22, where were coals of fire kindled?"," through the brightness before him (God), 2 Samuel 22:13",22
"In the song of David, what was throught the brightness before him (God)?"," coals of fire kindled, 2 Samuel 22:13",22
"FIB 2 Samuel 22: The Lord ___ from heaven, and the most High ___ his voice"," thundered, uttered, 2 Samuel 22:14",22
"FIB: And he sent out ___, and scattered them, lightning, and ___ them"," arrows, discomfited, 2 Samuel 22:15",22
Where did David say he (God) drew him out of?," many waters, 2 Samuel 22:17",22
Bonus 10: In 2 Samuel 22 Who did David say God delivered him from?," his strong enemy and from them that hate him, 2 Samuel 22:18",22
What reason did David give for God delivering him from his strong enemy and them that hate him?," because he said they were too strong for him, 2 Samuel 22:18",22
"In his song, how did David say that the Lord rewarded him?"," according to his righteousness and according to the cleanness of his hands, 2 Samuel 22:21",22
"FIB: For I have kept the ___of the Lord, and have not wickedly ___ from my God"," ways, departed, 2 Samuel 22:22",22
In his song what two things did David say the Lord recompense him?," According to the cleanness of his hands and his eye sight, 2 Samuel 22:21&25",22
"In his song, according to what did David say the Lord recompense him?"," his righteousness, 2 Samuel 22:21&25",22
"FIB: With the ___ thou wilt shew theyself pure, and with the ___ thou wilt show thyself unsavoury"," pure, froward, 2 Samuel 22:27",22
"FTV: For thou art my lamp, O Lord: and the Lord will ..."," lighten my darkness, 2 Samuel 22:29",22
FTV: For by thee I have run through a troop: by my God have I ....," leaped over a wall, 2 Samuel 22:30",22
"FIB: As for God, his way is ___, the word of the Lord is ___: he is a ___ to all them that trust in him"," perfect, tried, buckler, 2 Samuel 22:31",22
FTV: God is my strenght and power: and he.....," maketh my way perfect, 2 Samuel 22:33",22
"In the song of David, what did he say God makes his feet like?"," hinds feet, 2 Samuel 22:34",22
FIB: He maketh my ___ like hinds feet: and setteth me upon my ___ places," feet, hinds, high, 2 Samuel 22:34",22
FTV: He maketh my feet like hinds feet: and .........," setteth me upon my high places, 2 Samuel 22:34",22
In David's song what did he say is broken by his arms?," a bow of steel, 2 Samuel 22:35",22
"Bonus 10: David song, what did David say, He (God) gave him and what has He done to make him great?"," the shield of salvation, He (God's) gentleness, 2 Samuel 22:36",22
FIB: Thou hast also given me the ___ of thy salvation and thy ___ has made thee great," shield, gentleness, 2 Samuel 22:36 ",22
FIB: Thou hast also given me the shield of thy ___ and thy gentleness has made thee ___," salvation, great, 2 Samuel 22:36 ",22
In David's song what did he say God enlarged so that his feet did not slip?," my (David's) steps under me (David), 2 Samuel 22:37",22
"FIB: I have ___ mine enemies, and ___ them, and turned not again until I had ___ them"," pursued, destroyed, consumed, 2 Samuel 22:38",22
"FTV: And I have consumed them, and wounded them, that they could not arise: Yea ....."," they are fallen under my feet, 2 Samuel 22:39",22
"In David's song, what did he say  God girded him with?"," strength to battle, 2 Samuel 22:40",22
"In David's song, what did God do to those who raised up against David?"," ""subdued under me"", 2 Samuel 22:40",22
In David's song for what reason did God give him (David) the neck of his enemies?," So that he might destroy them the hate him, 2 Samuel 22:41",22
"In David's song, how small did he say he beat his enemies?"," As small as the dust of the earth, 2 Samuel 22:43",22
"In his Song, what did David say he did after he beat his enemies as small as the dust of the earth?"," He stamp them as the mire of the street and did spread them abroad, 2 Samuel 22:43",22
"Bonus 20: In David's song, how did he say strangers will respond to him?"," submit themselves, be obedient, fade away, afraid out of their close places, 2 Samuel 22:45-46",22
"FIB with the word: The Lord liveth and blessed be my ___, and exalted be the God of the ___ of my salvation"," rock, 2 Samuel 22:47",22
"FIB: The Lord liveth and blessed be my rock, and exalted be the God of the rock of my salvation"," blessed, exalted, 2 Samuel 22:47",22
"FTV: The Lord liveth and blessed be my rock, and exalted be the God of the ......."," rock of my salvation, 2 Samuel 22:47",22
"FTV He is the tower of salvation for his king: And sheweth mercy to his anointed, Unto David, and....."," his seed for evermore, 2 Samuel 22:51",22
"In David's song, he said the Lord sheweth mercy to his anointed, how long did he say the Lord sheweth mercy to his seed?"," for evermore, 2 Samuel 22:51",22
"FIB: And again the ____ of the Lord was ___ against Israel, and he moved ___ against them to say, Go ___ Israel and ____ "," anger, kindled, David, number, Judah, 2 Samuel 24:1",24
"In 2 Samuel chapter 24, what was kindled against Israel to move David to number the Israel?"," The anger of the Lord, 2 Samuel 24:1",24
"In 2 Samuel chapter 24, what was Joab's job or title?"," captain of the host, 2 Samuel 24:2",24
"In 2 Samuel chapter 24:2, what did the king order Joab to do?"," number the people, 2 Samuel 24:2 ",24
Be specific: Where did the king (David) tell Joab he should go to number the people?," through all the tribes of Israel, from Dan to Beer-sheba, 2 Samuel 24:2",24
Why did the king tell Joab to number the people? ,"So that he (David the king) may know the number of the people, 2 Samuel 24:2",24
"FIB: Go now through all the tribes of ___,  from Dan even to ___, and ___ ye the people"," Israel, Beer-sheba, number, 2 Samuel 24:2",24
What thing was Joab referring to when he asked the king why he delight in this thing?," Numbering the people, 2 Samuel 24:3",24
"Who said to follow and to who: ""Now the Lord thy God add unto the people, how many soever they be, an hundred fold, and the the eyes of my lord the king may see it"""," Joab to the king (David), 2 Samuel 24:3",24
FIB: but why doth my ___ the king ___ in this thing?," lord, delight, 2 Samuel 24:3",24
Who along with Joab went out to number the people of Israel?," the captains of the host, 2 Samuel 24:4",24
"FIB: Notwithstanding the king's word ___ against Joab, and against the ___ of the ___"," prevailed, captains, host, 2 Samuel 24:4",24
"In 2 Samuel chapter 24, who's word prevailed against Joab?"," the king's word, 2 Samuel 24:4",24
"FIB: And ___ and the captains of the host went out from the ___ of the king, to ___ the people of Israel"," Joab, presence, number, 2 Samuel 24:4",24
"FIB from 2 Sameul 24: And they passed over ___, and pitched in ___, on the right side of the city that lieth in the midst of the river ___ and toward ___"," Jordan, Aroer, Gad, Jazer, 2 Samuel 24:5",24
"FIB: And they ___ over Jordan, and ___ in Aroer, on the ___ side of the city that lieth in the ___ of the river of Gad and toward Jazer"," passed, pitched, right, midst, 2 Samuel 24:5",24
"When Joab and the captains of the host went to number the people of Israel, where did they pass over and where did they pitch?"," Jordan, Aroer, 2 Samuel 24:5",24
"When Joab and the captains went to number the people of Israel, where did they come to after they left Jazer?"," Gilead, 2 Samuel 24:6",24
"When Joab and the captains went to number the poeple, where did they go first?"," They passed over Jordan, 2 Samuel 24:5",24
"FIB refering to when the poeple of Israel were being numbered, then they came to ___, and to the land of  ___ and they came to ___, and about to ___"," Gilead, Tahtim-hodshi, Dan-jaan, Zidon, 2 Samuel 24:6",24
"FIB: from 2 Samuel 24:6 Then they came to Gilead, and to the ___ of Tahtim-hodshi, and they ___ to Dan-jaan, and ___ to Zidon"," land, came, about, 2 Samuel 24:6",24
"Referring to the people of Israel being numbered, where did they go after they left Gilead?"," Tihtim-hodshi, 2 Samuel 24:6",24
FIB from 2 Samuel 24: And came to the strong hold of ___ and to all the cities of the ___ and of the ___," Tyre, Hivites, Canaanites, 2 Samuel 24:7",24
FIB from 2 Samuel 24: And came to the ___ ___ of Tyre and all the ___ of the Hivites and of the Canaanites," strong, hold, cities, 2 Samuel 24:7",24
"FIB regarding the people of Israel being numbered: and they went out to the south of ___, even to ___"," Judah, Beer- sheba, 2 Samuel 24:7",24
"When the people of Israel were being numbered and Joab and the captians of the host had gone all through the land, where did they return to?"," Jerusalem, 2 Samuel 24:8",24
How long did it take Joab and the captians of the host to number the people of Israel?," Nine months and twenty days, 2 Samuel 24:8",24
"When the people were numbered, how many valiant men that drew the sword were there in Israel and how many men of Judah were there?"," eight hundred thousand, five hundred thousand men of Judah, 2 Samuel 24:9",24
What happened to David after he numbered the people?," His heart smote him, 2 Samuel 24:10",24
"Who said the following words? I have sinned greatly in that I have done, and now, I beseech thee, O Lord, take away the iniquity of thy servant"," David, 2 Samuel 24:10",24
"FIB: I have sinned ___ in that I have done, and now, I ___ thee, O Lord, take away the ___ of thy ___, for I have done very ___ "," greatly, beseech, iniquity, servant, foolishly, 2 Samuel 24:10",24
"After David had the people of Israel numbered, which prophet did the Lord send to speak to David?"," Gad, David's seer, 2 Samuel 24:11",24
"FIB: Go and say unto ___, Thus saith the Lord, I offer thee ___ things, ___ thee ___ of them,that I may do it unto thee"," David, three, choose, one, 2 Samuel 24:12",24
Bonus:What three choices did the Lord tell the prophet Gad tell David he can choose from for numbering the people?," seven years of famine come unto thee in thy land, flee three months before thine enemies, while they persue him, or three days of pestilence in thy land, 2 Samuel 24:13",24
"Who said the following to who? I am in a great strait, let us fall now into the hand of the Lord, for his mercies are great and let me not fall into the hand of man"," David to the prophet Gad, 2 Samuel 24:14",24
"In 2 Samuel 24, how long di the Lord send pestilence upon Israel?"," from the morning even to the time appointed, 2 Samuel 24:15 ",24
"When the Lord sent pestilence to the people, how many died and from where to where?"," seventy thousand from Dan to Beer-sheba, 2 Samuel 24:15",24
"Bonus 10: When the angel stretched out his hand to destroy Jerusalem, what did the Lord do and say?"," the Lord repented and said to the angel, ""It is enough, stay now thine hand."", 2 Samuel 24:16",24
"Be specific: Where was the angel of the Lord when the Lord repented and said ""it is enough?"""," The angel was by the threshing place of Araunah the Jebusite, 2 Samuel 24:16",24
"FIB: And ___ spake unto the ___ when he saw the ___ l that smote the people and said, ""Lo, I have ___ and I have done ___ ....""?"," David, Lord, angel, sinned, wickedly, 2 Samuel 24:17",24
"Who said the following to who? ""Lo, I have sinned and I have done wickedly: but these sheep, what have they done?"""," David to the Lord, 2 Samuel 24:17",24
What animal was David referring to when he spoke to the Lord by the threshing place of Araunah?," Sheep, 2 Samuel 24:17",24
"Who said the following to who? ""But these sheep, what have they done? let thine hand I pray thee, be against me and against my father's house."" "," David to the Lord, 2 Samuel 24:17",24
"Who said the following to who? Go up, rear an altar unto the Lord in the threshingfloor of Araunah the Jebusite."" "," the prophet Gad to David, 2 Samuel 24:18",24
"In 2 Samuel 24, After David confessed to the Lord that he had sinned, what did Gad tell him to do?"," ""Go up, rear an altar unto the Lord in the threshingfloor of Araunah the Jebusite."", 2 Samuel 24:18",24
"FIB from 2 Samuel 24: And David, according to the saying of ___, went up as the Lord ___."," Gad, commanded, 2 Samuel 24:19",24
"When Araunah looked and saw the king and his servants coming on toward him, what did he do?"," Araunah went out and bowed himself before the king on his face upon the ground, 2 Samuel 24:20",24
"When the king went to Araunah, what did Araunah ask the king first?"," Wherefore is my Lord the king come to his servant?, 2 Samuel 24:21 ",24
What did David say when Araunah asked him wherefore is my Lord the king come to his servant?," David said to buy threshingfloor of thee, to build an altar unto the Lord..., 2 Samuel 24:21",24
"FIB: To buy the ___ of thee, to build an ___ unto the Lord, that the ___ may be stayed from the ___."," threshingfloor, altar, plague, people, 2 Samuel 24:21",24
What did Araunah tried to give to the king?," oxen, threshing instruments and other instruments of the oxen for wood, 2 Samuel 24:22",24
"FIB from 2 Samuel 24: And ___ said unto David, Let my ___ the king take and offer what seemeth ___ unto him"," Araunah, Lord, good, 2 Samuel 24:22",24
"FIB from 2 Samuel 24: behold, here be ___ for burned sacrifice, and ___ instruments and other instruments of the oxen for ___"," oxen, threshing, wood, 2 Samuel 24:22",24
"Who said the follow to who? behold, here be oxen for burned sacrifice and threshing instruments and other instruments"," Araunah to David, 2 Samuel 24:22",24
What did David say first to Araunah when Araunah offered to give David threshing instrument?," ""Nay, but I will surely buy it of thee at a price"", 2 Samuel 24:24",24
What reason did David give for insisting on buying the threshing insturments from Araunah?," David said ""neither will I offer burnt offerings unto the Lord my god of the which doth cost me nothing"", 2 Samuel 24:24",24
What did David buy from Araunah and how much did he pay for it?," the threshingfloor and oxen and he payed fifty shekels of silver, 2 Samuel 24:2",24
What did David build on threshing floor he bought from Araunah?," an altar unto the Lord, 2 Samuel 24:25",24
"In 2 Samuel 24, What offerings did David offer at threshingfloor?"," burnt and peace offerings, 2 Samuel 24:25",24
"In 2 Samuel 24, why did David offer burnt and peace offerings?"," So the Lord was intreated for the land, and the plague was stayed from Israel, 2 Samuel 24:25",24
"FIB: And David built there an ___ unto the Lord, and offered ___ offerings and ___ offerings"," altar, burnt, peace, 2 Samuel 24:25",24
,,
,,
,,
,,
,,
,,
,,
,,
,,
,,
,,
,,
,,
,,
,,
,,
,,
,,
,,
,,
,,
,,
,,
,,
,,
,,
,,
,,
,,
,,
,,
,,
,,
,,
,,
,,
,,
,,
,,
,,
,,
,,
,,
,,
,,
,,
,,
,,
,,
,,
,,
,,
,,
,,
,,
,,
,,
,,
,,
,,
,,
,,
,,
,,
,,
,,
,,
,,
,,
,,
,,
,,
,,
,,
,,
,,
,,
,,
,,
,,
,,
,,
,,
,,
,,
,,
,,
,,
,,
,,
,,
,,
,,
,,
,,
,,
,,
,,
,,
,,
,,
,,
,,
,,
,,
,,
,,
,,
,,
,,
,,
,,
,,
,,
,,
,,
,,
,,
,,
,,
,,
,,
,,
,,
,,
,,
,,
,,
,,
,,
,,
,,
,,
,,
,,
,,
,,
,,
,,
,,
,,
,,
,,
,,
,,
,,
,,
,,
,,
,,
,,
,,
,,
,,
,,
,,
,,
,,
,,
,,
,,
,,
,,
,,
,,
,,
,,
,,
,,
,,
,,
,,
,,
,,
,,
,,
,,
,,
,,
,,
,,
,,
,,
,,
,,
,,
,,
,,
,,
,,
,,
,,
,,
,,
,,
,,
,,
,,
,,
,,
,,
,,
,,
,,
,,
,,
,,
,,
,,
,,
,,
,,
,,
,,
,,
,,
,,
,,
,,
,,
,,
,,
,,
,,
,,
,,
,,
,,
,,
,,
,,
,,
,,
,,
,,
,,
,,
,,
,,
,,
,,
,,
,,
,,
,,
,,
,,
,,
,,
,,
,,
,,
,,
,,
,,
,,
,,
,,
,,
,,
,,
,,
,,
,,
,,
,,
,,
,,
,,
,,
,,
,,
,,
,,
,,
,,
,,
,,
,,
,,
,,
,,
,,
,,
,,
,,
,,
,,
,,
,,
,,
,,
,,
,,
,,
,,
,,
,,
,,
,,
,,
,,
,,
,,
,,
,,
,,
,,
,,
,,
,,
,,
,,
,,
,,
,,
,,
,,
,,
,,
,,
,,
,,
,,
,,
,,
,,
,,
,,
,,
,,
,,
,,
,,
,,
,,
,,
,,
,,
,,
,,
,,
,,
,,
,,
,,
,,
,,
,,
,,
,,
,,
,,
,,
,,
,,
,,
,,
,,
,,
,,
,,
,,
,,
,,
,,
,,
,,
,,
,,
,,
,,
,,
,,
,,
,,
,,
,,
,,
,,
,,
,,
,,
,,
,,
,,
,,
,,
,,
,,
,,
,,
,,
,,
,,
,,
,,
,,
,,
,,
,,
,,
,,
,,
,,
,,
,,
,,
,,
,,
,,
,,
,,
,,
,,
,,
,,
,,
,,
,,
,,
,,
How many young men bare Joab's armour?,"ten, 2 Samuel 18:15",18
"Ten young men compassed about and smote this person, and slew him. Who is this person?","Absalom, 2 Samuel 18:15",18
"After the ten young men smote and slew Absalom, who blew the trumpet?","Joab, 2 Samuel 18:16",18
"In 2 Samuel 18, Joab blew the trumpet and the people returned from doing what?","chasing Israel, 2 Samuel 18:16",18
They took Absalom and cast him into what?,"a great pit, 2 Samuel 18:17",18
Who was cast into a great pit in the wood after being slain?,"Absalom, 2 Samuel 18:17",18
How was the heap of stones laid upon Absalom's body described?,"very great, 2 Samuel 18:17",18
"After they laid a very great heap of stones on Absalom's body, all Israel fled every one to where?","his tent, 2 Samuel 18:17",18
Absalom in his lifetime had taken and reared up for himself what?,"a pillar, 2 Samuel 18:18",18
Absalom said he made the pillar because he didn't have what to keep his name in remembrance?,"a son, 2 Samuel 18:18",18
Absalom called the pillar after his own name. What is it called?,"Absalom's place, 2 Samuel 18:18",18
"FIB with one blank: For he said, I have no son to keep my name in the ___, and he called the pillar after his own name.","remembrance, 2 Samuel 18:18",18
"FIB with one blank: For he said, I have no son to keep my name in the remembrance, and he called the ___ after his own name.","pillar, 2 Samuel 18:18",18
"FIB with the same word: For he said, I have no son to keep my ___ in the remembrance, and he called the pillar after his own ___.","name, 2 Samuel 18:18",18
"FIB with one blank: For he said, I have no ___ to keep my name in the remembrance, and he called the pillar after his own name.","son, 2 Samuel 18:18",18
"Who said the following: ""Let me now run, and bear the king tidings, how that the Lord hath avenged him of his enemies.""","Ahimaaz [the son of Zadok], 2 Samuel 18:19",18
"What did Joab tell Ahimaaz he would not bear this day, but instead another day?","tidings, 2 Samuel 18:20",18
Why did Joab tell Ahimaaz that this day he shalt bear no tidings?,"because the king's son is dead, 2 Samuel 18:20",18
"Bonus for 10: FIB: But this day thou shalt bear no tidings, because the king's ___ is ___.","son, dead, 2 Samuel 18:20",18
"Who did Joab say the following to with regards to Absalom: ""Go tell the king what thou hast seen""","Cushi, 2 Samuel 18:21",18
"Bonus for 10: Who said the following and to whom: ""But howsoever, let me, I pray thee, also run after Cushi.""","Ahimaaz to Joab, 2 Samuel 18:22",18
"FIB with one blank: And Joab said, ""Wherefore wilt thou run, my son, seeing that thou hast no ___ ready?""","tidings, 2 Samuel 18:22",18
"FIB with one blank from 2 Samuel 18: But howsoever, said he, let me ___. And he said unto him, ___.","run, 2 Samuel 18:23",18
Ahimaaz ran by the way of the plain. Who did he overrun?,"Cushi, 2 Samuel 18:23",18
Who overran Cushi on their way to the kin?,"Ahimaaz, 2 Samuel 18:23",18
"As Ahimaaz overran Cushi, who sat between the two gates?","David, 2 Samuel 18:24",18
"As David sat between the two gates, who went up to the roof over the gate?","the watchman, 2 Samuel 18:24",18
"The watchman went up to the roof over the gate, lifted up his eyes, looked, and beheld what? ","a man running alone, 2 Samuel 18:24",18
"The watchman cried that he saw a man running alone. The king said that if he be alone, what is in his mouth?","tidings, 2 Samuel 18:25",18
"FIB with one blank: And the king said, If he be ___, there is tidings in his mouth.","alone, 2 Samuel 18:25",18
"FIB with one blank: And the watchman saw another man running, and the watchman called unto the porter, and said, Behold another man running ___.","alone, 2 Samuel 18:26",18
"FIB with one blank: And the watchman saw another man running, and the watchman called unto the ___, and said, Behold another man running alone.","porter, 2 Samuel 18:26",18
"When told about the second man running alone, what did the king say he also bringeth?","tidings, 2 Samuel 18:26",18
"In one word, the king described Ahimaaz as what kind of man coming with what kind of tidings?","good, 2 Samuel 18:27",18
"Bonus for 10: FIB: And the watchman said, me thinketh the running of the foremost is like the running of ___ the son of ___.","Ahimaaz, Zadok, 2 Samuel 18:27",18
"In 2 Samuel 18, what did Ahimaaz say unto the king before he fell down to the earth upon is face?","all is well, 2 Samuel 18:28",18
"Bonus for 15: ___ be the Lord thy God, which hath delivered up the men that ___ up their ___ against my lord the king.","Blessed, lifted, hand, 2 Samuel 18:28",18
Ahimaaz told the king that God delivered up the men that lifted their hand against him. What question did the king ask next?,"Is the young man Absalom safe?, 2 Samuel 18:29",18
"In answering whether Absalom was safe, Ahimaaz said that he saw what, but knew not what it was?","a great tumult, 2 Samuel 18:29",18
"After the king told Ahimaaz to turn aside and stand here, who came and spoke to the king?","Cushi, 2 Samuel 18:31",18
"Bonus for 15: And ___ answered, the ___ of my lord the king, and all that rise against thee to do thee ___, be as that young man is.","Cushi, enemies, hurt, 2 Samuel 18:32",18
"Bonus for 15: And Cushi answered, the enemies of my lord the king, and all that ___ against thee to do thee hurt, be as that ___ ___ is.","rise, young, man, 2 Samuel 18:32",18
"The king was much moved, and went up to the chamber over the gate, and did what?","wept, 2 Samuel 18:33",18
"FIB with the same word: O my son ___, my son, my son ___. Would God I have died for thee, O ___, my son, my son!","Absalom, 2 Samuel 18:33",18
How was the king's emotional state described after Cushi told him what had happened to Absalom?,"much moved, 2 Samuel 18:33",18
"Who was the following told do: ""Behold, the king weepeth and mourneth for Absalom""","Joab, 2 Samuel 19:1",19
The victory that day turned to what because the people heard how the king grieved for his son?,"mourning, 2 Samuel 19:2",19
What turned to mourning because the people heard how the king grieved for his son?,"victory, 2 Samuel 19:2",19
"FIB with one blank: And the people get them by ___ that day into the city, as people being ashamed steal away when they flee in battle.","stealth, 2 Samuel 19:3",19
"Bonus for 20: Thou hast shamed this day the faces of all thy servants, which this day have saved thy life, and the lives of thy ___ and of thy ___, and the lives of thy ___, and the lives of thy ___","sons, daughters, wives, concubines, 2 Samuel 19:5",19
"Joab told David that he shamed the faces of all of who, which saved the lives of him and his family?","thy servants, 2 Samuel 19:5",19
"Bonus for 10: FIB as spoken by Joab: In that thou lovest thine ___, and hatest thy ___.","enemies, friends, 2 Samuel 19:6",19
"FIB with one blank: For thou hast declared this day, that thou regardest neither ___ nor servants.","princes, 2 Samuel 19:6",19
"Joab perceived that if Absalom had lived and what else had happened, then it would have pleased David?","all we had died (all his servants), 2 Samuel 19:6",19
How did Joab say David would have felt if Absalom had lived and all his servants and princes had died?,[it had] pleased thee well,19
"FIB with one blank from 2 Samuel 19: Now therefore arise, go forth, and speak ___ unto thy servants","comfortably, 2 Samuel 19:7",19
"Joab told David that if he did not go forth and speak to his servants, it would be worse than all the evil that befell him from what time until now?","his youth, 2 Samuel 19:7",19
"FIB with the same word: Then the king arose, and sat in the ___. And they told unto all the people, saying, Behold, the king doth sit in the ___.","gate, 2 Samuel 19:8",19
"FIB with one blank: And all the people came before the king, for ___ had fled every man to his tent.","Israel, 2 Samuel 19:8",19
"FIB with one blank: And all the people came before the king, for Israel had fled every man to his ___.","tent, 2 Samuel 19:8",19
"The people were at strife. They said that the king saved us out of the hands of our enemies, and delivered us out of the hand of what people?","the Philistines, 2 Samuel 19:9",19
The people said that the king saved them from their enemies and the Philistines but fled out of the land for what reason?,"for Absalom, 2 Samuel 19:9",19
"Bonus for 10 from 2 Samuel 19: And ___, whom we ___ over us, is dead in battle.","Absalom, anointed, 2 Samuel 19:10",19
"Bonus for 10 from 2 Samuel 19: And Absalom, whom we anointed over us, is ___ in ___.","dead, battle, 2 Samuel 19:10",19
David told Abiathar and Zadok to speak to who about bringing the the king back to his house?,"the elders of Judah, 2 Samuel 19:11",19
"FIB with the same word: Why are ye the last to bring the king back to his ___? seeing the speech of all Israel is come to the kin, even to his ___.","house, 2 Samuel 19:11",19
"Bonus for 15: Ye are my brethren, ye are my ___ and my ___, wherefore then are ye the last to bring back the ___.","bones, flesh, king, 2 Samuel 19:12",19
"David spoke to Abiathar and Zadok. He told them to say the following to who: Art thou not of my bone, and of my flesh?","Amasa, 2 Samuel 19:13",19
"FIB with the same word: And he bowed the ___ of all the men of Judah, even as the ___ of one man.","heart, 2 Samuel 19:14",19
David bowed the heart of all the men of what place?,"Judah, 2 Samuel 19:14",19
"The king returned and came to Jordan. At the same time, Judah came to what place to go meet the king?","Gilgal, 2 Samuel 19:15",19
Judah came to Gilgal to go meet the king and conduct him over what?,"over Jordan, 2 Samuel 19:15",19
"As Judah came to Gilgal, what Benjamite came down with the men of Judah to meet the king?","Shimei, 2 Samuel 19:16",19
"As Shimei went to meet king David, how many man of Benjamin were with him?","a thousand, 2 Samuel 19:17",19
A thousand men of what tribe joined Shimei as he went to meet David?,"Benjamin, 2 Samuel 19:17",19
"Bonus for 15: In 2 Samuel 19, Shimei went to meet king David. Name the three of the four groups or individuals that joined him","a thousand men of Benjamin, Ziba, his fifteen sons, his twenty servants, 2 Samuel 19:17",19
"Shimei, a thousand men of Benjamin, Ziba, and his household, all went over Jordan before who?","the king, 2 Samuel 19:17",19
"Be specific, what was there to carry the king's household over the Jordan?","a ferry boat, 2 Samuel 19:18",19
"FIB with one blank: And ___ the son of Gera fell down before the king, as he was come over Jordan.","Shimei, 2 Samuel 19:18",19
Shimei fell down before the king. He asked the king not to impute what unto him?,"iniquity, 2 Samuel 19:19",19
Who said the following: Let not my lord impute iniquity unto me.,"Shimei, 2 Samuel 19:19",19
"Be specific, Shimei asked David not to remember that which he did perversely on what day?","The day [my lord] the king went out of Jerusalem, 2 Samuel 19:19",19
FIB spoken by Shimei to David: For thy servant doth know that I have ___.,"sinned, 2 Samuel 19:20",19
Shimei fell down before king David. He said that he was the first of what house to go down to meet the king?,"Joseph, 2 Samuel 19:20",19
Who asked if Shimei should be put to death because he cursed the Lord's anointed?,"Abishai [the son of Zeruiah], 2 Samuel 19:21",19
"FIB with one blank: Shall not Shimei be put to death for this, because he cursed the Lord's ___?","anointed, 2 Samuel 19:21",19
"FIB with one blank: Shall not ___ be put to death for this, because he cursed the Lord's anointed?","Shimei, 2 Samuel 19:21",19
"Who did David say the following to: ""What have I to do with you, ye sons of Zeruiah, that ye should this day be adversaries unto me?""","Abishai, 2 Samuel 19:22",19
"David asked Zeruiah, ""For do not I know that I am this day king over Israel?"" What was the next thing he said to Shimei?","""Thou shalt not die"", 2 Samuel 19:23",19
"Who neither dressed his feet, nor trimmed his beard, nor washed his clothes, from the day the king departed until the day he came again?","Mephibosheth [the son of Saul], 2 Samuel 19:24",19
Bonus for 15: What were the three things 2 Samuel says Mephibosheth did not do from the day King David departed until her returned?,"Dressed his feet, trimmed his beard, washed his clothes, 2 Samuel 19:24",19
"When David asked why he did not go with him, who did Mephibosheth say deceived him?","his servant, 2 Samuel 19:26",19
What did Mephibosheth say he would have saddled to ride on and leave with David?,"an ass, 2 Samuel 19:26",19
Why did Mephibosheth say he need to saddle an ass?,"because he is lame, 2 Samuel 19:26",19
"Who said the following: ""And he hath slandered thy servant unto my lord the king, but my lord the king is as an angel of God.""","Mephibosheth, 2 Samuel 19:27",19
Mephibosheth said that his father's house were but dead men. He said the David set him among them that do what?,"eat at thine own table, 2 Samuel 19:28",19
Mephibosheth that David set him among those that eat at his table. He asked what right he had to do what anymore unto the king?,"cry, 2 Samuel 19:28",19
"After returning to Jerusalem, David told Mephibosheth to do what with Ziba?","divide the land, 2 Samuel 19:29",19
"FIB with one blank: Why speakest thou any more of thy matters? I have said, Thou and ___ divide the land.","Ziba, 2 Samuel 19:29",19
"FIB with one blank: Why speakest thou any more of thy matters? I have said, Thou and Ziba ___ the land.","divide, 2 Samuel 19:29",19
"After being told to divide the land with Ziba, what did Mephibosheth say should be done with it?","Let Ziba take it all, 2 Samuel 19:30",19
"FIB with one blank: Yea, let him take all, forasmuch as my lord the king is come again in ___ unto his own house.","peace, 2 Samuel 19:30",19
"Who said the following: ""Yea let him take all, forasmuch as my lord the king is come again peace unto his own house.""","Mephibosheth, 2 Samuel 19:30",19
"FIB with one blank: And ___ the Gileadite came down from Rogelim, and went over Jordan with the king, to conduct him over Jordan.","Barzillai, 2 Samuel 19:31",19
"FIB with one blank: And Barzillai the ___ came down from Rogelim, and went over Jordan with the king, to conduct him over Jordan.","Gileadite, 2 Samuel 19:31",19
"FIB with one blank: And Barzillai the Gileadite came down from ___, and went over Jordan with the king, to conduct him over Jordan.","Rogelim, 2 Samuel 19:31",19
"FIB with one blank: And Barzillai the Gileadite came down from Rogelim, and went over ___ with the king, to conduct him over ___.","Jordan, 2 Samuel 19:31",19
"Barzillai was described as a very aged man, how old was he?","fourscore years old (80), 2 Samuel 19:32",19
Barzillai provided the king of sustenance while he lay where?,"at Mahanaim, 2 Samuel 19:32",19
"Who, in 2 Samuel 19, was described as a very aged man and a very great man?","Barzillai [the Gileadite], 2 Samuel 19:32",19
David told Barzillai to come over with him. Where did he say he would feed him?,"in Jerusalem, 2 Samuel 19:33",19
"Bonus for 10: FIB as spoken by Barzillai: How long have I to ___, that I should go up with the king unto ___?","live, Jerusalem, 2 Samuel 19:34",19
What did Barzillai say he could discern between?,"good and evil, 2 Samuel 19:35",19
Bonus for 20: Can thy servant ___ what I eat or what I drink? can I hear any more the voice of singing ___ and singing ___? Wherefore then should thy servant be yet a ___ unto my lord the king?,"taste, men, women, burden, 2 Samuel 19:35",19
Bonus for 15: Can thy ___ taste what I eat or what I drink? can I ___ any more the ___ of singing men and singing women?,"servant, hear, voice, 2 Samuel 19:35",19
How far did Barzillai say he would go over the Jordan with the king?,"a little way, 2 Samuel 19:36",19
Barzillai asked David to let him go back so that he may die where?,"in mine own city, 2 Samuel 19:37",19
Where did Barzillai tell David he would be buried?,"in the grave of my father and of my mother, 2 Samuel 19:37",19
Who did Barzillai say should go over with the king instead of him?,"Chimham, 2 Samuel 19:37",19
"FIB with one blank from 2 Samuel 19: And the king answered, ___ shall go with me, and I will do to him that which shall seem good unto thee.","Chinham, 2 Samuel 19:38",19
"After the people passed over Jordan, the king kissed Barzillai and did what to him before Barzillai returned unto his own place?","blessed him, 2 Samuel 19:39",19
"In 2 Samuel 19, what was the first thing the king did to Barzillai after they went over the Jordan?","kissed him, 2 Samuel 19:39",19
"After passing over the Jordan and blessing Barzilla, where did the king go to, with Chimham with him?","Gilgal, 2 Samuel 19:40",19
"Bonus for 15: FIB: Then the king went on to ___, and Chimham went on with him, and all the people of ___ conducted the king, and also half the people of Israel.","Gilgal, Judah, Israel, 2 Samuel 19:40",19
After the king crossed the Jordan he went to Gilgal with Chimham with him. He was joined by all the people of Judah an what portion of the people of Israel?,"half, 2 Samuel 19:40",19
Who did the men of Israel say had stolen David away by bringing him over Jordan?,"the men of Judah, 2 Samuel 19:41",19
What group said that David was near of kin to them?,"the men of Judah, 2 Samuel 19:42",19
How many parts in the king did the men of Israel tell the men of Judah they had?,"ten, 2 Samuel 19:43",19
FIB with one blank: And the words of the men of Judah were ___ than the words of the men of Israel.,"fiercer, 2 Samuel 19:43",19
Sheba was a man of what place?,"Belail, 2 Samuel 20:1",20
Who was Sheba's father?,"Bichri, 2 Samuel 20:1",20
From what tribe was Sheba son of Bichri?,"Benjamin, 2 Samuel 20:1",20
"FIB with one blank: And there happened to be there a man of Belial, whose name was ___, the son of Birchi, a Benjamite.","Sheba, 2 Samuel 20:1",20
"What did Sheba do before he said, ""We have no part in David""","blew a trumpet, 2 Samuel 20:1",20
Every man of what place went up from after David and followed Sheba?,"Israel, 2 Samuel 20:2",20
"Bonus for 15: FIB: But the men of ___ clave unto their king, from ___ even to ___.","Judah, Jordan, Jerusalem, 2 Samuel 20:2",20
"What group did David put in ward and feed, after leaving them to keep the house?","his ten concubines, 2 Samuel 20:3",20
"FIB with one blank, about David's ten concubines: So they were shut up unto the day of their death, living in ___.","widowhood, 2 Samuel 20:3",20
What amount of time did the king give Amasa to assemble the men of Judah?,"three days, 2 Samuel 20:4",20
Who did the king tell to assemble the men of Judah in three days?,"Amasa, 2 Samuel 20:4",20
Amasa went to assemble the men of Judah. In what way did he differ from his instructions from the king?,"he tarried longer than the set time, 2 Samuel 20:5",20
"FIB with one blank: So ___ went to assemble the men of Judah, but he tarried longer than the set time which he ad appointed him.","Amasa, 2 Samuel 20:5",20
What son of Bichri did David say would do them more harm than Absalom?,"Sheba, 2 Samuel 20:6",20
Who did David tell Abishi would do more harm than Absalom?,"Sheba [the son of Bichri], 2 Samuel 20:6",20
David told Abishai to pursue Sheba lest he get to what kind of cities?,"fenced, 2 Samuel 20:6",20
"Bonus for 25: And there went out after him Joab's men, and the ___, and the ___, and all the ___ men. And they went out of Jerusalem, to pursue after ___ the son of ___.","Cherethites, Pelethites, mighty, Sheba, Bichri, 2 Samuel 20:7",20
Where in Gibeon were Joab and Amasa when Amasa went before him?,"the great stone, 2 Samuel 20:8",20
What does 2 Samuel 20 say was girded upon Joab?,"his garment, 2 Samuel 20:8",20
Upon Joab's garment was a girdle fastened upon his loins. WHat was in the sheath thereof?,"a sword, 2 Samuel 20:8",20
"At the great stone in Gibeon, what happened to Joab's sword  as he went forth?","it fell out, 2 Samuel 20:8",20
What did Joab say to Amasa before taking him by the beard to kiss him?,"Art thou in health, my brother?, 2 Samuel 20:9",20
Bonus for 15: And ___ took ___ by the beard with his right hand to ___ him.,"Joab, Amasa, kiss, 2 Samuel 20:9",20
Bonus for 15: And Amasa took Joab by the ___ with his ___ ___ to kiss him.,"beard, right, hand, 2 Samuel 20:9",20
"Amasa took no heed of what, regarding Joab?","the sword [that was in Joab's hand], 2 Samuel 20:10",20
Where did Joab smite Amasa?,"in the fifth rib, 2 Samuel 20:10",20
What did Joab shed to the ground after smiting Amasa?,"his bowels, 2 Samuel 20:10",20
"Bonus for 20: So he smote him therewith in the fifth rib, and ___ out his ___ to the ___, and struck him not ___, and he died.","shed, bowels, ground, again, 2 Samuel 20:10",20
"Bonus for 20: So he smote him therewith in the ___ ___, and shed out his bowels to the ground, and ___ him not again, and he ___.","fifth, rib, struck, died, 2 Samuel 20:10",20
What did Joab and Abishai do after Amasa died?,"pursued after Sheba [the son of Bichri], 2 Samuel 20:10",20
"FIB with one blank spoken by one of Joab's men: He that favoureth Joab, and he that is for ___, let him go after Joab.","David, 2 Samuel 20:11",20
Who is described in 2 Samuel as wallowing in blood in the midst of the highway?,"Amasa, 2 Samuel 20:12",20
One of Joab's men saw that the people stood still and removed Amasa out of the highway into the field. What did he then do to him?,"cast a cloth upon him, 2 Samuel 20:12",20
"FIB with one blank referring to Amasa: When he was removed out of the ___, all the people went on after Joab, to pursue after Sheba the son of Bichri.","highway, 2 Samuel 20:13",20
"Sheba went through all the tribes of Israel unto Abel, and to Bethmaachah. What place that Sheba went through is mentioned next?","all the Berites, 2 Samuel 20:14",20
"Bonus for 20: FIB referring to Sheba: And he went through all the tribes of ___ unto ___, and to ___, and all the ___.","Israel, Abel, Bethmaachah, Berites, 2 Samuel 20:14",20
Who did Joab and his men besiege in Abel of Bethmaachah?,"Sheba, 2 Samuel 20:15",20
What did Joab's men cast up against the city of Abel before battering the wall?,"a bank, 2 Samuel 20:15",20
They cast up a bank against the city of Abel. What did the bank stand in?,"the trench, 2 Samuel 20:15",20
How did 2 Samuel describe the woman in Abel of Bethmaachah that told Joab to come hither?,"wise, 2 Samuel 20:16",20
Why did the wise woman in Abel tell Joab to come near hither?,"that she may speak with him, 2 Samuel 20:16",20
"FIB with one blank: Art thou Joab? And he answered, I am he. Then she said unto him, Hear the words of thine ___. And he answered, I do hear.","handmaid, 2 Samuel 20:17",20
"FIB with one blank: They were wont to speak in old time, saying, They shall surely ask ___ at Abel, and so they ended the matter.","counsel, 2 Samuel 20:18",20
"FIB with one blank: They were wont to speak in old time, saying, They shall surely ask counsel at ___, and so they ended the matter.","Abel, 2 Samuel 20:18",20
"Bonus for 15: FIB about the city of Abel: I am one of them that are ___ and ___ in Israel, thou seekest to destroy a city and a ___ in Israel.","peaceable, faithful, mother, 2 Samuel 20:19",20
The wise woman called Abel one of them that are peaceable and faithful in Israel. What did she accuse Joab of seeking to do to the city?,"destroy it, 2 Samuel 20:19",20
"FIB with one blank: Far be it, far be it from me, that I should ___ up or destroy.","swallow, 2 Samuel 20:20",20
Joab told the wise woman in Abel that he would depart from the city if they did what only?,"delivered Sheba [the son of Bichri], 2 Samuel 20:21",20
What did the wise woman in Abel say would be done to Sheba the son of Bichri?,"his head shall be thrown over the wall, 2 Samuel 20:21",20
"Bonus for 20: The matter is not so, but a man of mount ___, ___ the son of ___ by name, hath lifted up his hand against the king, even against ___. Deliver him only, and I will depart from the city.","Ephraim, Sheba, Bichri, David, 2 Samuel 20:21",20
"FIB with one blank: Then the woman went unto all the people in her ___. And they cut off the head of Sheba the son of Bichri, and cast it out to Joab.","wisdom, 2 Samuel 20:22",20
What did Joab do immediately after the people of Abel cast Sheba's head to him?,"he blew a trumpet, 2 Samuel 20:22",20
"After he was given the head of Sheba, Joab returned to what city?","Jerusalem, 2 Samuel 20:22",20
2 Samuel 20 describes this person as being over all the host of Israel. Who is this person?,"Joab, 2 Samuel 20:23",20
Who was over the Cherethites and over the Pelethites according to 2 Samuel 20?,"Benaiah [the son of Jehoiada], 2 Samuel 20:23",20
Who was over the tribute in David's kingdom?,"Adoram, 2 Samuel 20:24",20
What son of Ahilud was the recorder in David's kingdom?,"Jehoshaphat, 2 Samuel 20:24",20
What was the role of Zadok and Abiathar according to 2 Samuel 20?,"priests, 2 Samuel 20:25",20
"Adoram was over the tribute, Jehoshaphat was the recorded. Who was the scribe?","Sheva, 2 Samuel 20:25",20
Who was chief ruler about David?,"Ira [the Jairite], 2 Samuel 20:26",20